Row Index,Top Factor 1,Top Factor 2,Top Factor 3
50,Failure Type_Power Failure = 9.83 (z: 10.21),Rotational speed [rpm] = 7.30 (z: 7.38),Failure Type_No Failure = -5.27 (z: 5.27)
69,Failure Type_Power Failure = 9.83 (z: 10.21),Failure Type_No Failure = -5.27 (z: 5.27),Torque [Nm] = 2.56 (z: 2.58)
77,Failure Type_Tool Wear Failure = 15.09 (z: 14.87),Failure Type_No Failure = -5.27 (z: 5.27),Tool wear [min] = 1.58 (z: 1.57)
160,Failure Type_Overstrain Failure = 11.22 (z: 11.28),Failure Type_No Failure = -5.27 (z: 5.27),Torque [Nm] = 2.07 (z: 2.08)
161,Failure Type_Overstrain Failure = 11.22 (z: 11.28),Failure Type_No Failure = -5.27 (z: 5.27),Tool wear [min] = 1.73 (z: 1.73)
168,Failure Type_Power Failure = 9.83 (z: 10.21),Failure Type_No Failure = -5.27 (z: 5.27),Torque [Nm] = 2.23 (z: 2.24)
194,Failure Type_Power Failure = 9.83 (z: 10.21),Rotational speed [rpm] = 6.29 (z: 6.35),Failure Type_No Failure = -5.27 (z: 5.27)
207,Failure Type_Power Failure = 9.83 (z: 10.21),Failure Type_No Failure = -5.27 (z: 5.27),Torque [Nm] = 2.07 (z: 2.08)
242,Failure Type_Overstrain Failure = 11.22 (z: 11.28),Failure Type_No Failure = -5.27 (z: 5.27),Torque [Nm] = 1.88 (z: 1.89)
248,Failure Type_Overstrain Failure = 11.22 (z: 11.28),Failure Type_No Failure = -5.27 (z: 5.27),Tool wear [min] = 1.70 (z: 1.70)
249,Failure Type_Overstrain Failure = 11.22 (z: 11.28),Failure Type_No Failure = -5.27 (z: 5.27),Tool wear [min] = 1.73 (z: 1.73)
259,Failure Type_Power Failure = 9.83 (z: 10.21),Failure Type_No Failure = -5.27 (z: 5.27),Torque [Nm] = 2.39 (z: 2.40)
327,Failure Type_Overstrain Failure = 11.22 (z: 11.28),Failure Type_No Failure = -5.27 (z: 5.27),Torque [Nm] = 1.67 (z: 1.68)
380,Failure Type_Power Failure = 9.83 (z: 10.21),Rotational speed [rpm] = 5.66 (z: 5.72),Failure Type_No Failure = -5.27 (z: 5.27)
442,Failure Type_Power Failure = 9.83 (z: 10.21),Failure Type_No Failure = -5.27 (z: 5.27),Torque [Nm] = 2.15 (z: 2.16)
463,Failure Type_Power Failure = 9.83 (z: 10.21),Rotational speed [rpm] = 7.37 (z: 7.45),Failure Type_No Failure = -5.27 (z: 5.27)
586,Failure Type_Overstrain Failure = 11.22 (z: 11.28),Failure Type_No Failure = -5.27 (z: 5.27),Tool wear [min] = 1.80 (z: 1.79)
603,Failure Type_Power Failure = 9.83 (z: 10.21),Failure Type_No Failure = -5.27 (z: 5.27),Torque [Nm] = 3.15 (z: 3.17)
746,Failure Type_Overstrain Failure = 11.22 (z: 11.28),Failure Type_No Failure = -5.27 (z: 5.27),Torque [Nm] = 2.20 (z: 2.21)
847,Failure Type_Power Failure = 9.83 (z: 10.21),Rotational speed [rpm] = 7.15 (z: 7.22),Failure Type_No Failure = -5.27 (z: 5.27)
880,Failure Type_Power Failure = 9.83 (z: 10.21),Failure Type_No Failure = -5.27 (z: 5.27),Torque [Nm] = 3.61 (z: 3.63)
903,Failure Type_Power Failure = 9.83 (z: 10.21),Failure Type_No Failure = -5.27 (z: 5.27),Rotational speed [rpm] = 4.04 (z: 4.08)
926,Failure Type_Overstrain Failure = 11.22 (z: 11.28),Failure Type_No Failure = -5.27 (z: 5.27),Process temperature [K] = -2.64 (z: 2.63)
1016,Failure Type_Power Failure = 9.83 (z: 10.21),Failure Type_No Failure = -5.27 (z: 5.27),Torque [Nm] = 2.82 (z: 2.84)
1085,Failure Type_Overstrain Failure = 11.22 (z: 11.28),Failure Type_No Failure = -5.27 (z: 5.27),Torque [Nm] = 1.64 (z: 1.65)
1087,Failure Type_Tool Wear Failure = 15.09 (z: 14.87),Failure Type_No Failure = -5.27 (z: 5.27),Air temperature [K] = -1.56 (z: 1.55)
1095,Failure Type_Power Failure = 9.83 (z: 10.21),Rotational speed [rpm] = 6.53 (z: 6.59),Failure Type_No Failure = -5.27 (z: 5.27)
1123,Failure Type_Power Failure = 9.83 (z: 10.21),Failure Type_No Failure = -5.27 (z: 5.27),Torque [Nm] = 2.23 (z: 2.24)
1124,Failure Type_Power Failure = 9.83 (z: 10.21),Failure Type_No Failure = -5.27 (z: 5.27),Torque [Nm] = 2.89 (z: 2.91)
1144,Failure Type_Power Failure = 9.83 (z: 10.21),Failure Type_No Failure = -5.27 (z: 5.27),Torque [Nm] = 2.90 (z: 2.92)
1161,Failure Type_Overstrain Failure = 11.22 (z: 11.28),Failure Type_No Failure = -5.27 (z: 5.27),Torque [Nm] = 2.12 (z: 2.13)
1162,Failure Type_Overstrain Failure = 11.22 (z: 11.28),Failure Type_No Failure = -5.27 (z: 5.27),Torque [Nm] = 1.71 (z: 1.72)
1167,Failure Type_Overstrain Failure = 11.22 (z: 11.28),Failure Type_No Failure = -5.27 (z: 5.27),Tool wear [min] = 1.66 (z: 1.65)
1284,Failure Type_Power Failure = 9.83 (z: 10.21),Failure Type_No Failure = -5.27 (z: 5.27),Rotational speed [rpm] = 3.39 (z: 3.43)
1324,Failure Type_Power Failure = 9.83 (z: 10.21),Failure Type_No Failure = -5.27 (z: 5.27),Torque [Nm] = 3.44 (z: 3.46)
1334,Failure Type_Overstrain Failure = 11.22 (z: 11.28),Failure Type_No Failure = -5.27 (z: 5.27),Tool wear [min] = 1.86 (z: 1.85)
1335,Failure Type_Overstrain Failure = 11.22 (z: 11.28),Failure Type_No Failure = -5.27 (z: 5.27),Tool wear [min] = 1.89 (z: 1.89)
1391,Failure Type_Power Failure = 9.83 (z: 10.21),Rotational speed [rpm] = 6.62 (z: 6.68),Failure Type_No Failure = -5.27 (z: 5.27)
1419,Failure Type_Overstrain Failure = 11.22 (z: 11.28),Failure Type_No Failure = -5.27 (z: 5.27),Tool wear [min] = 1.64 (z: 1.63)
1437,Type_L = -1.23 (z: 1.22),Tool wear [min] = -1.06 (z: 1.07),Type_M = -0.65 (z: 0.65)
1492,Failure Type_Power Failure = 9.83 (z: 10.21),Failure Type_No Failure = -5.27 (z: 5.27),Torque [Nm] = 1.85 (z: 1.86)
1496,Failure Type_Power Failure = 9.83 (z: 10.21),Failure Type_No Failure = -5.27 (z: 5.27),Torque [Nm] = 2.93 (z: 2.95)
1509,Failure Type_Tool Wear Failure = 15.09 (z: 14.87),Failure Type_No Failure = -5.27 (z: 5.27),Tool wear [min] = 1.77 (z: 1.76)
1583,Failure Type_Overstrain Failure = 11.22 (z: 11.28),Failure Type_No Failure = -5.27 (z: 5.27),Torque [Nm] = 2.10 (z: 2.11)
1595,Failure Type_Overstrain Failure = 11.22 (z: 11.28),Failure Type_No Failure = -5.27 (z: 5.27),Tool wear [min] = 1.73 (z: 1.73)
1682,Failure Type_Tool Wear Failure = 15.09 (z: 14.87),Failure Type_No Failure = -5.27 (z: 5.27),Tool wear [min] = 1.84 (z: 1.84)
1763,Failure Type_Tool Wear Failure = 15.09 (z: 14.87),Failure Type_No Failure = -5.27 (z: 5.27),Process temperature [K] = -1.63 (z: 1.62)
1784,Failure Type_Power Failure = 9.83 (z: 10.21),Rotational speed [rpm] = 7.44 (z: 7.51),Failure Type_No Failure = -5.27 (z: 5.27)
1789,Failure Type_Power Failure = 9.83 (z: 10.21),Failure Type_No Failure = -5.27 (z: 5.27),Torque [Nm] = 2.72 (z: 2.74)
1808,Failure Type_Power Failure = 9.83 (z: 10.21),Rotational speed [rpm] = 5.68 (z: 5.74),Failure Type_No Failure = -5.27 (z: 5.27)
1833,Failure Type_Overstrain Failure = 11.22 (z: 11.28),Failure Type_No Failure = -5.27 (z: 5.27),Torque [Nm] = 2.10 (z: 2.11)
1996,Failure Type_Tool Wear Failure = 15.09 (z: 14.87),Failure Type_No Failure = -5.27 (z: 5.27),Type_M = 1.54 (z: 1.53)
2015,Failure Type_Power Failure = 9.83 (z: 10.21),Failure Type_No Failure = -5.27 (z: 5.27),Torque [Nm] = 2.62 (z: 2.64)
2075,Failure Type_Overstrain Failure = 11.22 (z: 11.28),Failure Type_No Failure = -5.27 (z: 5.27),Torque [Nm] = 1.88 (z: 1.89)
2125,Failure Type_Power Failure = 9.83 (z: 10.21),Failure Type_No Failure = -5.27 (z: 5.27),Torque [Nm] = 2.93 (z: 2.95)
2166,Failure Type_Tool Wear Failure = 15.09 (z: 14.87),Failure Type_No Failure = -5.27 (z: 5.27),Tool wear [min] = 1.84 (z: 1.84)
2233,Failure Type_Power Failure = 9.83 (z: 10.21),Rotational speed [rpm] = 5.58 (z: 5.63),Failure Type_No Failure = -5.27 (z: 5.27)
2244,Failure Type_Tool Wear Failure = 15.09 (z: 14.87),Failure Type_No Failure = -5.27 (z: 5.27),Type_M = 1.54 (z: 1.53)
2299,Failure Type_Power Failure = 9.83 (z: 10.21),Failure Type_No Failure = -5.27 (z: 5.27),Torque [Nm] = 2.29 (z: 2.30)
2331,Failure Type_Overstrain Failure = 11.22 (z: 11.28),Failure Type_No Failure = -5.27 (z: 5.27),Tool wear [min] = 1.73 (z: 1.73)
2332,Failure Type_Overstrain Failure = 11.22 (z: 11.28),Failure Type_No Failure = -5.27 (z: 5.27),Tool wear [min] = 1.77 (z: 1.76)
2426,Failure Type_Power Failure = 9.83 (z: 10.21),Failure Type_No Failure = -5.27 (z: 5.27),Torque [Nm] = 2.36 (z: 2.37)
2444,Failure Type_Power Failure = 9.83 (z: 10.21),Failure Type_No Failure = -5.27 (z: 5.27),Torque [Nm] = 2.81 (z: 2.83)
2494,Failure Type_Overstrain Failure = 11.22 (z: 11.28),Failure Type_No Failure = -5.27 (z: 5.27),Tool wear [min] = 1.56 (z: 1.56)
2502,Failure Type_Overstrain Failure = 11.22 (z: 11.28),Failure Type_No Failure = -5.27 (z: 5.27),Tool wear [min] = 1.89 (z: 1.89)
2581,Failure Type_Overstrain Failure = 11.22 (z: 11.28),Failure Type_No Failure = -5.27 (z: 5.27),Torque [Nm] = 2.07 (z: 2.08)
2598,Failure Type_Power Failure = 9.83 (z: 10.21),Failure Type_No Failure = -5.27 (z: 5.27),Torque [Nm] = 2.74 (z: 2.76)
2671,Failure Type_Tool Wear Failure = 15.09 (z: 14.87),Failure Type_No Failure = -5.27 (z: 5.27),Tool wear [min] = 1.78 (z: 1.78)
2761,Failure Type_Overstrain Failure = 11.22 (z: 11.28),Failure Type_No Failure = -5.27 (z: 5.27),Torque [Nm] = 2.50 (z: 2.52)
2858,Failure Type_Overstrain Failure = 11.22 (z: 11.28),Failure Type_No Failure = -5.27 (z: 5.27),Tool wear [min] = 1.94 (z: 1.93)
2864,Failure Type_Tool Wear Failure = 15.09 (z: 14.87),Failure Type_No Failure = -5.27 (z: 5.27),Tool wear [min] = 2.17 (z: 2.17)
2879,Failure Type_Power Failure = 9.83 (z: 10.21),Failure Type_No Failure = -5.27 (z: 5.27),Torque [Nm] = 2.32 (z: 2.33)
2941,Failure Type_Tool Wear Failure = 15.09 (z: 14.87),Failure Type_No Failure = -5.27 (z: 5.27),Rotational speed [rpm] = 2.52 (z: 2.55)
3000,Failure Type_Power Failure = 9.83 (z: 10.21),Failure Type_No Failure = -5.27 (z: 5.27),Torque [Nm] = 3.27 (z: 3.29)
3019,Failure Type_Overstrain Failure = 11.22 (z: 11.28),Failure Type_No Failure = -5.27 (z: 5.27),Tool wear [min] = 1.56 (z: 1.56)
3140,Failure Type_Power Failure = 9.83 (z: 10.21),Rotational speed [rpm] = 5.66 (z: 5.71),Failure Type_No Failure = -5.27 (z: 5.27)
3236,Failure Type_No Failure = -5.27 (z: 5.27),Torque [Nm] = 2.24 (z: 2.25),Type_M = 1.54 (z: 1.53)
3266,Failure Type_Overstrain Failure = 11.22 (z: 11.28),Failure Type_No Failure = -5.27 (z: 5.27),Torque [Nm] = 1.68 (z: 1.69)
3350,Failure Type_Overstrain Failure = 11.22 (z: 11.28),Failure Type_No Failure = -5.27 (z: 5.27),Torque [Nm] = 2.26 (z: 2.27)
3356,Failure Type_Overstrain Failure = 11.22 (z: 11.28),Failure Type_No Failure = -5.27 (z: 5.27),Torque [Nm] = 1.78 (z: 1.79)
3369,Failure Type_Power Failure = 9.83 (z: 10.21),Rotational speed [rpm] = 6.74 (z: 6.81),Failure Type_No Failure = -5.27 (z: 5.27)
3457,Failure Type_Power Failure = 9.83 (z: 10.21),Rotational speed [rpm] = 6.08 (z: 6.14),Failure Type_No Failure = -5.27 (z: 5.27)
3528,Failure Type_Overstrain Failure = 11.22 (z: 11.28),Failure Type_No Failure = -5.27 (z: 5.27),Tool wear [min] = 1.64 (z: 1.63)
3529,Failure Type_Tool Wear Failure = 15.09 (z: 14.87),Failure Type_No Failure = -5.27 (z: 5.27),Tool wear [min] = 1.67 (z: 1.67)
3579,Failure Type_Power Failure = 9.83 (z: 10.21),Rotational speed [rpm] = 6.26 (z: 6.32),Failure Type_No Failure = -5.27 (z: 5.27)
3611,Failure Type_Tool Wear Failure = 15.09 (z: 14.87),Failure Type_No Failure = -5.27 (z: 5.27),Tool wear [min] = 1.56 (z: 1.56)
3684,Failure Type_Overstrain Failure = 11.22 (z: 11.28),Failure Type_No Failure = -5.27 (z: 5.27),Torque [Nm] = 2.52 (z: 2.54)
3695,Failure Type_Tool Wear Failure = 15.09 (z: 14.87),Failure Type_No Failure = -5.27 (z: 5.27),Tool wear [min] = 1.56 (z: 1.56)
3760,Failure Type_No Failure = -5.27 (z: 5.27),Air temperature [K] = 1.15 (z: 1.15),Tool wear [min] = 0.92 (z: 0.91)
3787,Failure Type_No Failure = -5.27 (z: 5.27),Tool wear [min] = -1.35 (z: 1.35),Air temperature [K] = 1.15 (z: 1.15)
3793,Failure Type_No Failure = -5.27 (z: 5.27),Tool wear [min] = -1.16 (z: 1.16),Air temperature [K] = 1.15 (z: 1.15)
3806,Failure Type_No Failure = -5.27 (z: 5.27),Type_M = 1.54 (z: 1.53),Type_L = -1.23 (z: 1.22)
3814,Failure Type_No Failure = -5.27 (z: 5.27),Torque [Nm] = 1.91 (z: 1.92),Type_M = 1.54 (z: 1.53)
3829,Failure Type_No Failure = -5.27 (z: 5.27),Type_L = -1.23 (z: 1.22),Air temperature [K] = 1.15 (z: 1.15)
3854,Failure Type_Power Failure = 9.83 (z: 10.21),Failure Type_No Failure = -5.27 (z: 5.27),Torque [Nm] = 2.75 (z: 2.77)
3865,Failure Type_Tool Wear Failure = 15.09 (z: 14.87),Failure Type_No Failure = -5.27 (z: 5.27),Tool wear [min] = 1.89 (z: 1.89)
3867,Failure Type_Power Failure = 9.83 (z: 10.21),Rotational speed [rpm] = 6.46 (z: 6.53),Failure Type_No Failure = -5.27 (z: 5.27)
3928,Failure Type_Power Failure = 9.83 (z: 10.21),Failure Type_No Failure = -5.27 (z: 5.27),Torque [Nm] = 1.98 (z: 1.99)
3935,Failure Type_Overstrain Failure = 11.22 (z: 11.28),Failure Type_No Failure = -5.27 (z: 5.27),Torque [Nm] = 2.81 (z: 2.83)
3943,Failure Type_Power Failure = 9.83 (z: 10.21),Failure Type_No Failure = -5.27 (z: 5.27),Torque [Nm] = 2.66 (z: 2.68)
4002,Failure Type_Power Failure = 9.83 (z: 10.21),Failure Type_No Failure = -5.27 (z: 5.27),Torque [Nm] = 1.92 (z: 1.93)
4024,Failure Type_Overstrain Failure = 11.22 (z: 11.28),Failure Type_No Failure = -5.27 (z: 5.27),Torque [Nm] = 2.03 (z: 2.04)
4032,Failure Type_Overstrain Failure = 11.22 (z: 11.28),Failure Type_No Failure = -5.27 (z: 5.27),Tool wear [min] = 1.94 (z: 1.93)
4034,Failure Type_Tool Wear Failure = 15.09 (z: 14.87),Failure Type_No Failure = -5.27 (z: 5.27),Tool wear [min] = 2.00 (z: 2.00)
4044,Type_M = 1.54 (z: 1.53),Tool wear [min] = -1.38 (z: 1.38),Type_L = -1.23 (z: 1.22)
4046,Type_M = 1.54 (z: 1.53),Tool wear [min] = -1.28 (z: 1.29),Type_L = -1.23 (z: 1.22)
4048,Failure Type_Power Failure = 9.83 (z: 10.21),Rotational speed [rpm] = 6.36 (z: 6.43),Failure Type_No Failure = -5.27 (z: 5.27)
4071,Failure Type_Power Failure = 9.83 (z: 10.21),Failure Type_No Failure = -5.27 (z: 5.27),Torque [Nm] = 2.85 (z: 2.87)
4078,Failure Type_No Failure = -5.27 (z: 5.27),Torque [Nm] = 2.24 (z: 2.25),Rotational speed [rpm] = -1.36 (z: 1.37)
4080,Failure Type_No Failure = -5.27 (z: 5.27),Torque [Nm] = 1.80 (z: 1.81),Rotational speed [rpm] = -1.01 (z: 1.01)
4081,Failure Type_No Failure = -5.27 (z: 5.27),Torque [Nm] = 1.82 (z: 1.83),Rotational speed [rpm] = -1.12 (z: 1.13)
4087,Failure Type_No Failure = -5.27 (z: 5.27),Torque [Nm] = 1.49 (z: 1.50),Air temperature [K] = 0.95 (z: 0.95)
4096,Failure Type_No Failure = -5.27 (z: 5.27),Torque [Nm] = 1.17 (z: 1.17),Air temperature [K] = 0.95 (z: 0.95)
4117,Failure Type_Overstrain Failure = 11.22 (z: 11.28),Failure Type_No Failure = -5.27 (z: 5.27),Torque [Nm] = 1.57 (z: 1.58)
4119,Failure Type_No Failure = -5.27 (z: 5.27),Tool wear [min] = 1.58 (z: 1.57),Rotational speed [rpm] = -1.18 (z: 1.19)
4120,Failure Type_No Failure = -5.27 (z: 5.27),Tool wear [min] = 1.61 (z: 1.60),Type_M = 1.54 (z: 1.53)
4121,Failure Type_No Failure = -5.27 (z: 5.27),Tool wear [min] = 1.66 (z: 1.65),Type_M = 1.54 (z: 1.53)
4130,Failure Type_No Failure = -5.27 (z: 5.27),Torque [Nm] = 2.28 (z: 2.29),Rotational speed [rpm] = -1.40 (z: 1.41)
4138,Failure Type_No Failure = -5.27 (z: 5.27),Torque [Nm] = 1.74 (z: 1.75),Rotational speed [rpm] = -1.26 (z: 1.27)
4140,Failure Type_No Failure = -5.27 (z: 5.27),Torque [Nm] = 2.12 (z: 2.13),Rotational speed [rpm] = -1.15 (z: 1.16)
4151,Failure Type_No Failure = -5.27 (z: 5.27),Type_M = 1.54 (z: 1.53),Type_L = -1.23 (z: 1.22)
4153,Failure Type_No Failure = -5.27 (z: 5.27),Rotational speed [rpm] = -1.81 (z: 1.82),Torque [Nm] = 1.56 (z: 1.57)
4155,Failure Type_No Failure = -5.27 (z: 5.27),Air temperature [K] = 1.00 (z: 1.00),Rotational speed [rpm] = -0.94 (z: 0.94)
4157,Failure Type_No Failure = -5.27 (z: 5.27),Torque [Nm] = 2.06 (z: 2.07),Rotational speed [rpm] = -1.53 (z: 1.54)
4164,Failure Type_No Failure = -5.27 (z: 5.27),Air temperature [K] = 1.10 (z: 1.10),Rotational speed [rpm] = -1.07 (z: 1.08)
4170,Failure Type_No Failure = -5.27 (z: 5.27),Type_M = 1.54 (z: 1.53),Type_L = -1.23 (z: 1.22)
4173,Failure Type_No Failure = -5.27 (z: 5.27),Type_M = 1.54 (z: 1.53),Type_L = -1.23 (z: 1.22)
4179,Failure Type_No Failure = -5.27 (z: 5.27),Air temperature [K] = 1.20 (z: 1.20),Rotational speed [rpm] = -1.05 (z: 1.06)
4182,Failure Type_No Failure = -5.27 (z: 5.27),Torque [Nm] = 1.48 (z: 1.49),Air temperature [K] = 1.20 (z: 1.20)
4184,Failure Type_No Failure = -5.27 (z: 5.27),Torque [Nm] = 1.32 (z: 1.33),Rotational speed [rpm] = -1.13 (z: 1.14)
4185,Failure Type_No Failure = -5.27 (z: 5.27),Air temperature [K] = 1.10 (z: 1.10),Rotational speed [rpm] = -1.06 (z: 1.06)
4207,Failure Type_Tool Wear Failure = 15.09 (z: 14.87),Failure Type_No Failure = -5.27 (z: 5.27),Tool wear [min] = 1.73 (z: 1.73)
4211,Failure Type_No Failure = -5.27 (z: 5.27),Tool wear [min] = -1.57 (z: 1.57),Torque [Nm] = 1.28 (z: 1.29)
4225,Failure Type_No Failure = -5.27 (z: 5.27),Tool wear [min] = -1.05 (z: 1.05),Air temperature [K] = 1.05 (z: 1.05)
4247,Failure Type_No Failure = -5.27 (z: 5.27),Torque [Nm] = 2.00 (z: 2.01),Air temperature [K] = 1.30 (z: 1.30)
4249,Failure Type_No Failure = -5.27 (z: 5.27),Torque [Nm] = 1.69 (z: 1.70),Air temperature [K] = 1.25 (z: 1.25)
4251,Failure Type_No Failure = -5.27 (z: 5.27),Torque [Nm] = 1.55 (z: 1.56),Air temperature [K] = 1.25 (z: 1.25)
4253,Failure Type_No Failure = -5.27 (z: 5.27),Type_M = 1.54 (z: 1.53),Air temperature [K] = 1.30 (z: 1.30)
4254,Failure Type_Power Failure = 9.83 (z: 10.21),Failure Type_No Failure = -5.27 (z: 5.27),Torque [Nm] = 2.79 (z: 2.81)
4258,Failure Type_No Failure = -5.27 (z: 5.27),Torque [Nm] = 2.07 (z: 2.08),Type_M = 1.54 (z: 1.53)
4270,Failure Type_No Failure = -5.27 (z: 5.27),Air temperature [K] = 1.30 (z: 1.30),Torque [Nm] = 1.20 (z: 1.21)
4279,Failure Type_No Failure = -5.27 (z: 5.27),Tool wear [min] = 1.04 (z: 1.04),Air temperature [K] = 1.00 (z: 1.00)
4282,Failure Type_No Failure = -5.27 (z: 5.27),Tool wear [min] = 1.14 (z: 1.13),Air temperature [K] = 0.95 (z: 0.95)
4283,Failure Type_No Failure = -5.27 (z: 5.27),Torque [Nm] = 2.10 (z: 2.11),Type_M = 1.54 (z: 1.53)
4285,Failure Type_No Failure = -5.27 (z: 5.27),Tool wear [min] = 1.25 (z: 1.24),Rotational speed [rpm] = -1.23 (z: 1.24)
4292,Failure Type_Power Failure = 9.83 (z: 10.21),Failure Type_No Failure = -5.27 (z: 5.27),Rotational speed [rpm] = 4.60 (z: 4.65)
4296,Failure Type_Power Failure = 9.83 (z: 10.21),Rotational speed [rpm] = 7.10 (z: 7.17),Failure Type_No Failure = -5.27 (z: 5.27)
4307,Failure Type_No Failure = -5.27 (z: 5.27),Torque [Nm] = 2.39 (z: 2.40),Rotational speed [rpm] = -1.55 (z: 1.56)
4323,Failure Type_No Failure = -5.27 (z: 5.27),Rotational speed [rpm] = -1.10 (z: 1.10),Torque [Nm] = 1.05 (z: 1.05)
4326,Failure Type_No Failure = -5.27 (z: 5.27),Torque [Nm] = 1.58 (z: 1.59),Rotational speed [rpm] = -0.98 (z: 0.99)
4328,Failure Type_No Failure = -5.27 (z: 5.27),Rotational speed [rpm] = -1.18 (z: 1.19),Torque [Nm] = 0.82 (z: 0.82)
4342,Failure Type_Power Failure = 9.83 (z: 10.21),Failure Type_No Failure = -5.27 (z: 5.27),Torque [Nm] = 2.81 (z: 2.83)
4353,Failure Type_Power Failure = 9.83 (z: 10.21),Failure Type_No Failure = -5.27 (z: 5.27),Torque [Nm] = 2.27 (z: 2.28)
4355,Failure Type_No Failure = -5.27 (z: 5.27),Torque [Nm] = 1.73 (z: 1.74),Rotational speed [rpm] = -1.43 (z: 1.44)
4361,Failure Type_No Failure = -5.27 (z: 5.27),Type_M = 1.54 (z: 1.53),Type_L = -1.23 (z: 1.22)
4370,Failure Type_No Failure = -5.27 (z: 5.27),Torque [Nm] = 1.76 (z: 1.77),Tool wear [min] = 1.40 (z: 1.40)
4383,Failure Type_No Failure = -5.27 (z: 5.27),Torque [Nm] = 2.54 (z: 2.56),Tool wear [min] = 1.91 (z: 1.90)
4385,Failure Type_Tool Wear Failure = 15.09 (z: 14.87),Failure Type_No Failure = -5.27 (z: 5.27),Tool wear [min] = 1.97 (z: 1.96)
4389,Failure Type_No Failure = -5.27 (z: 5.27),Tool wear [min] = -1.60 (z: 1.60),Type_M = 1.54 (z: 1.53)
4391,Failure Type_No Failure = -5.27 (z: 5.27),Type_M = 1.54 (z: 1.53),Tool wear [min] = -1.50 (z: 1.51)
4400,Failure Type_No Failure = -5.27 (z: 5.27),Air temperature [K] = 1.15 (z: 1.15),Tool wear [min] = -1.13 (z: 1.13)
4405,Failure Type_No Failure = -5.27 (z: 5.27),Air temperature [K] = 1.20 (z: 1.20),Rotational speed [rpm] = -1.15 (z: 1.16)
4406,Failure Type_No Failure = -5.27 (z: 5.27),Torque [Nm] = 1.85 (z: 1.86),Air temperature [K] = 1.25 (z: 1.25)
4409,Failure Type_No Failure = -5.27 (z: 5.27),Type_M = 1.54 (z: 1.53),Torque [Nm] = 1.46 (z: 1.47)
4417,Failure Type_Power Failure = 9.83 (z: 10.21),Failure Type_No Failure = -5.27 (z: 5.27),Torque [Nm] = 2.67 (z: 2.69)
4419,Failure Type_Power Failure = 9.83 (z: 10.21),Rotational speed [rpm] = 6.28 (z: 6.34),Failure Type_No Failure = -5.27 (z: 5.27)
4421,Failure Type_No Failure = -5.27 (z: 5.27),Torque [Nm] = 2.24 (z: 2.25),Air temperature [K] = 1.30 (z: 1.30)
4427,Failure Type_No Failure = -5.27 (z: 5.27),Type_M = 1.54 (z: 1.53),Type_L = -1.23 (z: 1.22)
4435,Failure Type_No Failure = -5.27 (z: 5.27),Torque [Nm] = 1.27 (z: 1.28),Rotational speed [rpm] = -1.21 (z: 1.21)
4441,Failure Type_No Failure = -5.27 (z: 5.27),Air temperature [K] = 1.25 (z: 1.25),Rotational speed [rpm] = -1.16 (z: 1.17)
4448,Failure Type_No Failure = -5.27 (z: 5.27),Air temperature [K] = 1.20 (z: 1.20),Torque [Nm] = 1.12 (z: 1.12)
4449,Failure Type_No Failure = -5.27 (z: 5.27),Type_M = 1.54 (z: 1.53),Torque [Nm] = 1.43 (z: 1.44)
4462,Failure Type_No Failure = -5.27 (z: 5.27),Torque [Nm] = 2.77 (z: 2.79),Rotational speed [rpm] = -1.53 (z: 1.54)
4469,Failure Type_Tool Wear Failure = 15.09 (z: 14.87),Failure Type_No Failure = -5.27 (z: 5.27),Tool wear [min] = 1.62 (z: 1.62)
4475,Failure Type_No Failure = -5.27 (z: 5.27),Tool wear [min] = -1.54 (z: 1.54),Air temperature [K] = 1.35 (z: 1.35)
4480,Failure Type_No Failure = -5.27 (z: 5.27),Torque [Nm] = 1.52 (z: 1.53),Tool wear [min] = -1.38 (z: 1.38)
4495,Failure Type_No Failure = -5.27 (z: 5.27),Torque [Nm] = 1.72 (z: 1.73),Air temperature [K] = 1.30 (z: 1.30)
4501,Failure Type_No Failure = -5.27 (z: 5.27),Torque [Nm] = 1.40 (z: 1.41),Rotational speed [rpm] = -1.28 (z: 1.29)
4510,Failure Type_No Failure = -5.27 (z: 5.27),Torque [Nm] = 2.24 (z: 2.25),Air temperature [K] = 1.20 (z: 1.20)
4527,Failure Type_No Failure = -5.27 (z: 5.27),Type_M = 1.54 (z: 1.53),Type_L = -1.23 (z: 1.22)
4533,Failure Type_No Failure = -5.27 (z: 5.27),Type_M = 1.54 (z: 1.53),Torque [Nm] = 1.25 (z: 1.26)
4536,Failure Type_No Failure = -5.27 (z: 5.27),Air temperature [K] = 1.20 (z: 1.20),Rotational speed [rpm] = -1.04 (z: 1.05)
4544,Failure Type_No Failure = -5.27 (z: 5.27),Torque [Nm] = 1.51 (z: 1.52),Air temperature [K] = 1.25 (z: 1.25)
4556,Failure Type_No Failure = -5.27 (z: 5.27),Tool wear [min] = -1.60 (z: 1.60),Type_M = 1.54 (z: 1.53)
4558,Failure Type_No Failure = -5.27 (z: 5.27),Tool wear [min] = -1.52 (z: 1.52),Air temperature [K] = 1.35 (z: 1.35)
4565,Failure Type_No Failure = -5.27 (z: 5.27),Torque [Nm] = 1.50 (z: 1.51),Rotational speed [rpm] = -1.46 (z: 1.47)
4570,Failure Type_No Failure = -5.27 (z: 5.27),Air temperature [K] = 1.40 (z: 1.40),Rotational speed [rpm] = -1.26 (z: 1.26)
4579,Failure Type_No Failure = -5.27 (z: 5.27),Air temperature [K] = 1.50 (z: 1.50),Rotational speed [rpm] = -0.91 (z: 0.92)
4596,Failure Type_No Failure = -5.27 (z: 5.27),Air temperature [K] = 1.50 (z: 1.50),Rotational speed [rpm] = -0.99 (z: 0.99)
4600,Failure Type_No Failure = -5.27 (z: 5.27),Air temperature [K] = 1.50 (z: 1.50),Rotational speed [rpm] = -1.00 (z: 1.00)
4601,Failure Type_No Failure = -5.27 (z: 5.27),Type_M = 1.54 (z: 1.53),Air temperature [K] = 1.50 (z: 1.50)
4611,Failure Type_No Failure = -5.27 (z: 5.27),Torque [Nm] = 1.62 (z: 1.63),Air temperature [K] = 1.50 (z: 1.50)
4618,Failure Type_No Failure = -5.27 (z: 5.27),Type_M = 1.54 (z: 1.53),Air temperature [K] = 1.50 (z: 1.50)
4620,Failure Type_No Failure = -5.27 (z: 5.27),Air temperature [K] = 1.55 (z: 1.55),Torque [Nm] = 1.26 (z: 1.27)
4621,Failure Type_No Failure = -5.27 (z: 5.27),Air temperature [K] = 1.50 (z: 1.50),Torque [Nm] = 1.10 (z: 1.10)
4632,Failure Type_No Failure = -5.27 (z: 5.27),Type_M = 1.54 (z: 1.53),Air temperature [K] = 1.45 (z: 1.45)
4642,Failure Type_No Failure = -5.27 (z: 5.27),Tool wear [min] = 1.86 (z: 1.85),Rotational speed [rpm] = -1.67 (z: 1.68)
4643,Failure Type_No Failure = -5.27 (z: 5.27),Tool wear [min] = 1.89 (z: 1.89),Air temperature [K] = 1.60 (z: 1.60)
4646,Failure Type_Tool Wear Failure = 15.09 (z: 14.87),Failure Type_No Failure = -5.27 (z: 5.27),Tool wear [min] = 1.99 (z: 1.98)
4651,Failure Type_No Failure = -5.27 (z: 5.27),Air temperature [K] = 1.60 (z: 1.60),Tool wear [min] = -1.55 (z: 1.55)
4661,Failure Type_No Failure = -5.27 (z: 5.27),Air temperature [K] = 1.65 (z: 1.65),Tool wear [min] = -1.19 (z: 1.19)
4665,Failure Type_No Failure = -5.27 (z: 5.27),Air temperature [K] = 1.70 (z: 1.70),Type_M = 1.54 (z: 1.53)
4669,Failure Type_No Failure = -5.27 (z: 5.27),Air temperature [K] = 1.65 (z: 1.65),Type_M = 1.54 (z: 1.53)
4684,Air temperature [K] = 1.80 (z: 1.80),Type_M = 1.54 (z: 1.53),Type_L = -1.23 (z: 1.22)
4702,Failure Type_No Failure = -5.27 (z: 5.27),Torque [Nm] = 2.67 (z: 2.69),Air temperature [K] = 1.80 (z: 1.80)
4718,Failure Type_No Failure = -5.27 (z: 5.27),Torque [Nm] = 1.68 (z: 1.69),Air temperature [K] = 1.65 (z: 1.65)
4720,Failure Type_No Failure = -5.27 (z: 5.27),Air temperature [K] = 1.70 (z: 1.70),Type_M = 1.54 (z: 1.53)
4723,Failure Type_No Failure = -5.27 (z: 5.27),Air temperature [K] = 1.70 (z: 1.70),Tool wear [min] = 1.45 (z: 1.45)
4727,Failure Type_No Failure = -5.27 (z: 5.27),Air temperature [K] = 1.70 (z: 1.70),Tool wear [min] = 1.61 (z: 1.60)
4729,Failure Type_No Failure = -5.27 (z: 5.27),Torque [Nm] = 2.10 (z: 2.11),Air temperature [K] = 1.70 (z: 1.70)
4731,Failure Type_No Failure = -5.27 (z: 5.27),Tool wear [min] = 1.75 (z: 1.74),Air temperature [K] = 1.65 (z: 1.65)
4737,Failure Type_No Failure = -5.27 (z: 5.27),Torque [Nm] = 1.82 (z: 1.83),Tool wear [min] = -1.66 (z: 1.66)
4739,Failure Type_No Failure = -5.27 (z: 5.27),Air temperature [K] = 1.60 (z: 1.60),Tool wear [min] = -1.57 (z: 1.57)
4748,Failure Type_No Failure = -5.27 (z: 5.27),Air temperature [K] = 1.60 (z: 1.60),Tool wear [min] = -1.24 (z: 1.24)
4755,Failure Type_No Failure = -5.27 (z: 5.27),Air temperature [K] = 1.70 (z: 1.70),Rotational speed [rpm] = -1.35 (z: 1.36)
4759,Failure Type_No Failure = -5.27 (z: 5.27),Air temperature [K] = 1.75 (z: 1.75),Process temperature [K] = 1.08 (z: 1.07)
4761,Failure Type_No Failure = -5.27 (z: 5.27),Air temperature [K] = 1.85 (z: 1.85),Process temperature [K] = 1.28 (z: 1.28)
4762,Failure Type_Power Failure = 9.83 (z: 10.21),Rotational speed [rpm] = 6.21 (z: 6.27),Failure Type_No Failure = -5.27 (z: 5.27)
4768,Failure Type_No Failure = -5.27 (z: 5.27),Air temperature [K] = 1.80 (z: 1.80),Process temperature [K] = 1.35 (z: 1.34)
4770,Failure Type_No Failure = -5.27 (z: 5.27),Air temperature [K] = 1.75 (z: 1.75),Process temperature [K] = 1.28 (z: 1.28)
4778,Failure Type_No Failure = -5.27 (z: 5.27),Air temperature [K] = 1.80 (z: 1.80),Process temperature [K] = 1.48 (z: 1.48)
4814,Failure Type_Overstrain Failure = 11.22 (z: 11.28),Failure Type_No Failure = -5.27 (z: 5.27),Air temperature [K] = 1.70 (z: 1.70)
4816,Failure Type_Tool Wear Failure = 15.09 (z: 14.87),Failure Type_No Failure = -5.27 (z: 5.27),Air temperature [K] = 1.70 (z: 1.70)
4831,Failure Type_No Failure = -5.27 (z: 5.27),Air temperature [K] = 1.75 (z: 1.75),Torque [Nm] = 1.45 (z: 1.46)
4833,Failure Type_No Failure = -5.27 (z: 5.27),Air temperature [K] = 1.70 (z: 1.70),Process temperature [K] = 1.28 (z: 1.28)
4836,Failure Type_No Failure = -5.27 (z: 5.27),Torque [Nm] = 2.20 (z: 2.21),Air temperature [K] = 1.65 (z: 1.65)
4840,Failure Type_No Failure = -5.27 (z: 5.27),Torque [Nm] = 2.39 (z: 2.40),Air temperature [K] = 1.70 (z: 1.70)
4844,Failure Type_No Failure = -5.27 (z: 5.27),Air temperature [K] = 1.70 (z: 1.70),Type_M = 1.54 (z: 1.53)
4851,Failure Type_No Failure = -5.27 (z: 5.27),Air temperature [K] = 1.85 (z: 1.85),Process temperature [K] = 1.42 (z: 1.41)
4920,Failure Type_Power Failure = 9.83 (z: 10.21),Failure Type_No Failure = -5.27 (z: 5.27),Torque [Nm] = 2.93 (z: 2.95)
4936,Failure Type_Power Failure = 9.83 (z: 10.21),Failure Type_No Failure = -5.27 (z: 5.27),Torque [Nm] = 3.05 (z: 3.07)
4976,Failure Type_Overstrain Failure = 11.22 (z: 11.28),Failure Type_No Failure = -5.27 (z: 5.27),Air temperature [K] = 1.85 (z: 1.85)
4984,Failure Type_Overstrain Failure = 11.22 (z: 11.28),Failure Type_No Failure = -5.27 (z: 5.27),Process temperature [K] = 2.09 (z: 2.09)
4988,Failure Type_Power Failure = 9.83 (z: 10.21),Rotational speed [rpm] = 5.29 (z: 5.34),Failure Type_No Failure = -5.27 (z: 5.27)
4997,Failure Type_Power Failure = 9.83 (z: 10.21),Rotational speed [rpm] = 6.19 (z: 6.25),Failure Type_No Failure = -5.27 (z: 5.27)
5048,Failure Type_Power Failure = 9.83 (z: 10.21),Failure Type_No Failure = -5.27 (z: 5.27),Torque [Nm] = 2.85 (z: 2.87)
5061,Failure Type_Overstrain Failure = 11.22 (z: 11.28),Failure Type_No Failure = -5.27 (z: 5.27),Torque [Nm] = 2.25 (z: 2.26)
5141,Failure Type_Tool Wear Failure = 15.09 (z: 14.87),Failure Type_No Failure = -5.27 (z: 5.27),Process temperature [K] = 2.50 (z: 2.49)
5219,Failure Type_Overstrain Failure = 11.22 (z: 11.28),Failure Type_No Failure = -5.27 (z: 5.27),Process temperature [K] = 2.02 (z: 2.02)
5309,Failure Type_Tool Wear Failure = 15.09 (z: 14.87),Failure Type_No Failure = -5.27 (z: 5.27),Process temperature [K] = 2.16 (z: 2.15)
5334,Failure Type_Power Failure = 9.83 (z: 10.21),Rotational speed [rpm] = 6.45 (z: 6.51),Failure Type_No Failure = -5.27 (z: 5.27)
5394,Failure Type_Power Failure = 9.83 (z: 10.21),Failure Type_No Failure = -5.27 (z: 5.27),Torque [Nm] = 3.04 (z: 3.06)
5399,Failure Type_Overstrain Failure = 11.22 (z: 11.28),Failure Type_No Failure = -5.27 (z: 5.27),Tool wear [min] = 2.17 (z: 2.17)
5400,Failure Type_Overstrain Failure = 11.22 (z: 11.28),Failure Type_No Failure = -5.27 (z: 5.27),Tool wear [min] = 2.25 (z: 2.25)
5401,Failure Type_Tool Wear Failure = 15.09 (z: 14.87),Failure Type_No Failure = -5.27 (z: 5.27),Tool wear [min] = 2.28 (z: 2.28)
5488,Failure Type_Overstrain Failure = 11.22 (z: 11.28),Failure Type_No Failure = -5.27 (z: 5.27),Tool wear [min] = 1.66 (z: 1.65)
5490,Failure Type_Power Failure = 9.83 (z: 10.21),Failure Type_No Failure = -5.27 (z: 5.27),Torque [Nm] = 2.84 (z: 2.86)
5536,Type_M = 1.54 (z: 1.53),Torque [Nm] = 1.40 (z: 1.41),Type_L = -1.23 (z: 1.22)
5615,Failure Type_Power Failure = 9.83 (z: 10.21),Failure Type_No Failure = -5.27 (z: 5.27),Torque [Nm] = 3.12 (z: 3.14)
5617,Failure Type_Power Failure = 9.83 (z: 10.21),Failure Type_No Failure = -5.27 (z: 5.27),Torque [Nm] = 2.15 (z: 2.16)
5706,Failure Type_Power Failure = 9.83 (z: 10.21),Failure Type_No Failure = -5.27 (z: 5.27),Torque [Nm] = 2.99 (z: 3.01)
5734,Failure Type_Overstrain Failure = 11.22 (z: 11.28),Failure Type_No Failure = -5.27 (z: 5.27),Torque [Nm] = 1.62 (z: 1.63)
5909,Failure Type_Power Failure = 9.83 (z: 10.21),Failure Type_No Failure = -5.27 (z: 5.27),Torque [Nm] = 2.52 (z: 2.54)
5999,Failure Type_Tool Wear Failure = 15.09 (z: 14.87),Failure Type_No Failure = -5.27 (z: 5.27),Tool wear [min] = 1.99 (z: 1.98)
6024,Failure Type_Power Failure = 9.83 (z: 10.21),Failure Type_No Failure = -5.27 (z: 5.27),Torque [Nm] = 2.52 (z: 2.54)
6078,Failure Type_Overstrain Failure = 11.22 (z: 11.28),Failure Type_No Failure = -5.27 (z: 5.27),Torque [Nm] = 1.91 (z: 1.92)
6153,Failure Type_Overstrain Failure = 11.22 (z: 11.28),Failure Type_No Failure = -5.27 (z: 5.27),Torque [Nm] = 2.44 (z: 2.45)
6159,Failure Type_Overstrain Failure = 11.22 (z: 11.28),Failure Type_No Failure = -5.27 (z: 5.27),Torque [Nm] = 1.80 (z: 1.81)
6172,Failure Type_Tool Wear Failure = 15.09 (z: 14.87),Failure Type_No Failure = -5.27 (z: 5.27),Tool wear [min] = 1.88 (z: 1.87)
6178,Failure Type_Power Failure = 9.83 (z: 10.21),Failure Type_No Failure = -5.27 (z: 5.27),Torque [Nm] = 2.78 (z: 2.80)
6248,Failure Type_Power Failure = 9.83 (z: 10.21),Failure Type_No Failure = -5.27 (z: 5.27),Torque [Nm] = 2.12 (z: 2.13)
6255,Failure Type_Overstrain Failure = 11.22 (z: 11.28),Failure Type_No Failure = -5.27 (z: 5.27),Torque [Nm] = 1.73 (z: 1.74)
6256,Failure Type_Tool Wear Failure = 15.09 (z: 14.87),Failure Type_No Failure = -5.27 (z: 5.27),Tool wear [min] = 1.55 (z: 1.54)
6340,Failure Type_Tool Wear Failure = 15.09 (z: 14.87),Failure Type_No Failure = -5.27 (z: 5.27),Tool wear [min] = 1.61 (z: 1.60)
6419,Failure Type_Tool Wear Failure = 15.09 (z: 14.87),Failure Type_No Failure = -5.27 (z: 5.27),Tool wear [min] = 1.61 (z: 1.60)
6478,Torque [Nm] = -1.09 (z: 1.09),Type_L = 0.81 (z: 0.82),Rotational speed [rpm] = 0.68 (z: 0.69)
6497,Failure Type_Overstrain Failure = 11.22 (z: 11.28),Failure Type_No Failure = -5.27 (z: 5.27),Torque [Nm] = 2.52 (z: 2.54)
6525,Failure Type_Power Failure = 9.83 (z: 10.21),Failure Type_No Failure = -5.27 (z: 5.27),Torque [Nm] = 3.35 (z: 3.37)
6540,Failure Type_Power Failure = 9.83 (z: 10.21),Failure Type_No Failure = -5.27 (z: 5.27),Torque [Nm] = 2.37 (z: 2.38)
6618,Failure Type_Power Failure = 9.83 (z: 10.21),Failure Type_No Failure = -5.27 (z: 5.27),Torque [Nm] = 2.57 (z: 2.59)
6673,Failure Type_Overstrain Failure = 11.22 (z: 11.28),Failure Type_No Failure = -5.27 (z: 5.27),Tool wear [min] = 1.70 (z: 1.70)
6678,Failure Type_Power Failure = 9.83 (z: 10.21),Failure Type_No Failure = -5.27 (z: 5.27),Torque [Nm] = 2.55 (z: 2.57)
6759,Failure Type_Tool Wear Failure = 15.09 (z: 14.87),Failure Type_No Failure = -5.27 (z: 5.27),Tool wear [min] = 1.58 (z: 1.57)
6799,Failure Type_Power Failure = 9.83 (z: 10.21),Rotational speed [rpm] = 6.06 (z: 6.12),Failure Type_No Failure = -5.27 (z: 5.27)
6924,Failure Type_Overstrain Failure = 11.22 (z: 11.28),Failure Type_No Failure = -5.27 (z: 5.27),Tool wear [min] = 1.58 (z: 1.57)
6932,Failure Type_Power Failure = 9.83 (z: 10.21),Failure Type_No Failure = -5.27 (z: 5.27),Torque [Nm] = 2.71 (z: 2.73)
6990,Failure Type_Power Failure = 9.83 (z: 10.21),Failure Type_No Failure = -5.27 (z: 5.27),Rotational speed [rpm] = 5.19 (z: 5.24)
7011,Failure Type_Power Failure = 9.83 (z: 10.21),Rotational speed [rpm] = 6.04 (z: 6.10),Failure Type_No Failure = -5.27 (z: 5.27)
7083,Failure Type_Power Failure = 9.83 (z: 10.21),Failure Type_No Failure = -5.27 (z: 5.27),Torque [Nm] = 2.18 (z: 2.19)
7087,Failure Type_Tool Wear Failure = 15.09 (z: 14.87),Failure Type_No Failure = -5.27 (z: 5.27),Tool wear [min] = 1.72 (z: 1.71)
7167,Failure Type_Overstrain Failure = 11.22 (z: 11.28),Failure Type_No Failure = -5.27 (z: 5.27),Torque [Nm] = 2.03 (z: 2.04)
7280,Failure Type_Power Failure = 9.83 (z: 10.21),Failure Type_No Failure = -5.27 (z: 5.27),Torque [Nm] = 2.95 (z: 2.97)
7426,Failure Type_Tool Wear Failure = 15.09 (z: 14.87),Failure Type_No Failure = -5.27 (z: 5.27),Tool wear [min] = 1.70 (z: 1.70)
7509,Failure Type_Overstrain Failure = 11.22 (z: 11.28),Failure Type_No Failure = -5.27 (z: 5.27),Torque [Nm] = 2.01 (z: 2.02)
7510,Failure Type_Tool Wear Failure = 15.09 (z: 14.87),Failure Type_No Failure = -5.27 (z: 5.27),Tool wear [min] = 1.67 (z: 1.67)
7536,Failure Type_Power Failure = 9.83 (z: 10.21),Rotational speed [rpm] = 5.74 (z: 5.80),Failure Type_No Failure = -5.27 (z: 5.27)
7564,Failure Type_Power Failure = 9.83 (z: 10.21),Failure Type_No Failure = -5.27 (z: 5.27),Torque [Nm] = 2.51 (z: 2.53)
7569,Failure Type_Power Failure = 9.83 (z: 10.21),Failure Type_No Failure = -5.27 (z: 5.27),Torque [Nm] = 3.17 (z: 3.19)
7591,Failure Type_Overstrain Failure = 11.22 (z: 11.28),Failure Type_No Failure = -5.27 (z: 5.27),Torque [Nm] = 2.13 (z: 2.14)
7593,Failure Type_Overstrain Failure = 11.22 (z: 11.28),Failure Type_No Failure = -5.27 (z: 5.27),Torque [Nm] = 2.74 (z: 2.76)
7669,Failure Type_Overstrain Failure = 11.22 (z: 11.28),Failure Type_No Failure = -5.27 (z: 5.27),Torque [Nm] = 1.84 (z: 1.85)
7687,Failure Type_Tool Wear Failure = 15.09 (z: 14.87),Failure Type_No Failure = -5.27 (z: 5.27),Rotational speed [rpm] = 3.08 (z: 3.11)
7756,Failure Type_Overstrain Failure = 11.22 (z: 11.28),Failure Type_No Failure = -5.27 (z: 5.27),Torque [Nm] = 1.79 (z: 1.80)
7759,Failure Type_Overstrain Failure = 11.22 (z: 11.28),Failure Type_No Failure = -5.27 (z: 5.27),Torque [Nm] = 1.92 (z: 1.93)
7763,Failure Type_Power Failure = 9.83 (z: 10.21),Failure Type_No Failure = -5.27 (z: 5.27),Torque [Nm] = 3.65 (z: 3.67)
7849,Failure Type_Tool Wear Failure = 15.09 (z: 14.87),Failure Type_No Failure = -5.27 (z: 5.27),Tool wear [min] = 1.80 (z: 1.79)
7884,Failure Type_Power Failure = 9.83 (z: 10.21),Failure Type_No Failure = -5.27 (z: 5.27),Torque [Nm] = 1.91 (z: 1.92)
7926,Failure Type_Overstrain Failure = 11.22 (z: 11.28),Failure Type_No Failure = -5.27 (z: 5.27),Torque [Nm] = 1.71 (z: 1.72)
7997,Failure Type_Power Failure = 9.83 (z: 10.21),Rotational speed [rpm] = 6.47 (z: 6.53),Failure Type_No Failure = -5.27 (z: 5.27)
8026,Failure Type_Overstrain Failure = 11.22 (z: 11.28),Failure Type_No Failure = -5.27 (z: 5.27),Tool wear [min] = 1.80 (z: 1.79)
8111,Failure Type_Tool Wear Failure = 15.09 (z: 14.87),Failure Type_No Failure = -5.27 (z: 5.27),Tool wear [min] = 1.59 (z: 1.59)
8192,Failure Type_Overstrain Failure = 11.22 (z: 11.28),Failure Type_No Failure = -5.27 (z: 5.27),Torque [Nm] = 2.51 (z: 2.53)
8195,Failure Type_Overstrain Failure = 11.22 (z: 11.28),Failure Type_No Failure = -5.27 (z: 5.27),Tool wear [min] = 1.69 (z: 1.68)
8199,Failure Type_Tool Wear Failure = 15.09 (z: 14.87),Failure Type_No Failure = -5.27 (z: 5.27),Tool wear [min] = 1.84 (z: 1.84)
8245,Failure Type_Power Failure = 9.83 (z: 10.21),Failure Type_No Failure = -5.27 (z: 5.27),Torque [Nm] = 2.85 (z: 2.87)
8307,Failure Type_Power Failure = 9.83 (z: 10.21),Failure Type_No Failure = -5.27 (z: 5.27),Torque [Nm] = 2.96 (z: 2.98)
8357,Failure Type_Tool Wear Failure = 15.09 (z: 14.87),Failure Type_No Failure = -5.27 (z: 5.27),Tool wear [min] = 1.50 (z: 1.49)
8398,Failure Type_Power Failure = 9.83 (z: 10.21),Rotational speed [rpm] = 5.95 (z: 6.01),Failure Type_No Failure = -5.27 (z: 5.27)
8437,Failure Type_Overstrain Failure = 11.22 (z: 11.28),Failure Type_No Failure = -5.27 (z: 5.27),Torque [Nm] = 2.58 (z: 2.60)
8582,Failure Type_Power Failure = 9.83 (z: 10.21),Failure Type_No Failure = -5.27 (z: 5.27),Torque [Nm] = 3.19 (z: 3.21)
8608,Failure Type_Overstrain Failure = 11.22 (z: 11.28),Failure Type_No Failure = -5.27 (z: 5.27),Tool wear [min] = 1.77 (z: 1.76)
8609,Failure Type_Tool Wear Failure = 15.09 (z: 14.87),Failure Type_No Failure = -5.27 (z: 5.27),Tool wear [min] = 1.80 (z: 1.79)
8690,Failure Type_Tool Wear Failure = 15.09 (z: 14.87),Failure Type_No Failure = -5.27 (z: 5.27),Tool wear [min] = 1.56 (z: 1.56)
8846,Failure Type_Tool Wear Failure = 15.09 (z: 14.87),Failure Type_No Failure = -5.27 (z: 5.27),Torque [Nm] = 2.24 (z: 2.25)
8926,Failure Type_Power Failure = 9.83 (z: 10.21),Failure Type_No Failure = -5.27 (z: 5.27),Torque [Nm] = 1.96 (z: 1.97)
9014,Failure Type_Overstrain Failure = 11.22 (z: 11.28),Failure Type_No Failure = -5.27 (z: 5.27),Torque [Nm] = 2.13 (z: 2.14)
9016,Failure Type_Overstrain Failure = 11.22 (z: 11.28),Failure Type_No Failure = -5.27 (z: 5.27),Tool wear [min] = 1.64 (z: 1.63)
9018,Failure Type_Tool Wear Failure = 15.09 (z: 14.87),Failure Type_No Failure = -5.27 (z: 5.27),Tool wear [min] = 1.72 (z: 1.71)
9084,Failure Type_Power Failure = 9.83 (z: 10.21),Failure Type_No Failure = -5.27 (z: 5.27),Torque [Nm] = 3.53 (z: 3.55)
9174,Failure Type_Tool Wear Failure = 15.09 (z: 14.87),Failure Type_No Failure = -5.27 (z: 5.27),Rotational speed [rpm] = 1.83 (z: 1.85)
9175,Failure Type_Power Failure = 9.83 (z: 10.21),Failure Type_No Failure = -5.27 (z: 5.27),Torque [Nm] = 2.42 (z: 2.43)
9414,Failure Type_Overstrain Failure = 11.22 (z: 11.28),Failure Type_No Failure = -5.27 (z: 5.27),Tool wear [min] = 1.56 (z: 1.56)
9493,Failure Type_Overstrain Failure = 11.22 (z: 11.28),Failure Type_No Failure = -5.27 (z: 5.27),Tool wear [min] = 1.72 (z: 1.71)
9576,Failure Type_Tool Wear Failure = 15.09 (z: 14.87),Failure Type_No Failure = -5.27 (z: 5.27),Rotational speed [rpm] = 2.11 (z: 2.14)
9613,Failure Type_Power Failure = 9.83 (z: 10.21),Failure Type_No Failure = -5.27 (z: 5.27),Torque [Nm] = 2.25 (z: 2.26)
9653,Failure Type_Overstrain Failure = 11.22 (z: 11.28),Failure Type_No Failure = -5.27 (z: 5.27),Torque [Nm] = 1.57 (z: 1.58)
9654,Failure Type_Overstrain Failure = 11.22 (z: 11.28),Failure Type_No Failure = -5.27 (z: 5.27),Torque [Nm] = 1.63 (z: 1.64)
9659,Failure Type_Overstrain Failure = 11.22 (z: 11.28),Failure Type_No Failure = -5.27 (z: 5.27),Torque [Nm] = 2.19 (z: 2.20)
9663,Failure Type_Overstrain Failure = 11.22 (z: 11.28),Failure Type_No Failure = -5.27 (z: 5.27),Tool wear [min] = 1.91 (z: 1.90)
9664,Failure Type_Overstrain Failure = 11.22 (z: 11.28),Failure Type_No Failure = -5.27 (z: 5.27),Tool wear [min] = 1.94 (z: 1.93)
9667,Failure Type_Overstrain Failure = 11.22 (z: 11.28),Failure Type_No Failure = -5.27 (z: 5.27),Tool wear [min] = 2.05 (z: 2.04)
9758,Failure Type_Tool Wear Failure = 15.09 (z: 14.87),Failure Type_No Failure = -5.27 (z: 5.27),Rotational speed [rpm] = 4.04 (z: 4.08)
9764,Failure Type_Power Failure = 9.83 (z: 10.21),Failure Type_No Failure = -5.27 (z: 5.27),Torque [Nm] = 2.66 (z: 2.68)
9822,Failure Type_Overstrain Failure = 11.22 (z: 11.28),Failure Type_No Failure = -5.27 (z: 5.27),Torque [Nm] = 2.09 (z: 2.10)
9830,Failure Type_Overstrain Failure = 11.22 (z: 11.28),Failure Type_No Failure = -5.27 (z: 5.27),Torque [Nm] = 1.61 (z: 1.62)
9974,Failure Type_Power Failure = 9.83 (z: 10.21),Failure Type_No Failure = -5.27 (z: 5.27),Torque [Nm] = 2.81 (z: 2.83)
